code,system
L179.00,readv2
43j7.00,readv2
65VE.00,readv2
9kl..00,readv2
65QA.00,readv2
A788200,readv2
43C3.11,readv2
43h9.00,readv2
AyuC100,readv2
A789100,readv2
4J34.00,readv2
66j0.00,readv2
A788500,readv2
AyuCD00,readv2
A788.00,readv2
A788y00,readv2
A788000,readv2
L7990A,readv2
A788.11,readv2
A788z00,readv2
AyuC.00,readv2
66j..00,readv2
A788400,readv2
A788300,readv2
43WK.00,readv2
43w3.00,readv2
A788600,readv2
R109.00,readv2
A789400,readv2
A788V00,readv2
AyuCA00,readv2
AyuC300,readv2
A789X00,readv2
AyuC900,readv2
AyuC700,readv2
AyuC800,readv2
ZV01A00,readv2
A788100,readv2
AyuC500,readv2
A789700,readv2
AyuC600,readv2
AyuCC00,readv2
A789.00,readv2
AyuC200,readv2
AyuC000,readv2
A789000,readv2
A789200,readv2
A789A00,readv2
A788U00,readv2
AyuCB00,readv2
9Nt1000,readv2
8Hle.00,readv2
A789300,readv2
A789311,readv2
A789511,readv2
A789500,readv2
4J3F.00,readv2
799MD,readv2
AyuC400,readv2
A788X00,readv2